Tiempo(s),X(km),Y(km),Z(km),Velocidad(km/s),DistanciaTierra(km),DistanciaLuna(km),Altitud(km)
0,6671.000,0.000,0.000,10.8000,6671.000,377729.000,300.000
60,6679.914,59.461,183.259,10.8058,6680.179,377719.821,309.179
120,6706.581,119.406,366.512,10.8115,6707.644,377692.356,336.644
180,6750.882,180.315,549.756,10.8173,6753.289,377646.711,382.289
240,6812.690,242.666,732.985,10.8230,6817.010,377582.990,446.010
300,6891.870,306.932,916.193,10.8288,6898.701,377501.299,527.701
360,6988.277,373.579,1099.377,10.8345,6998.255,377401.745,627.255
420,7101.759,443.072,1282.530,10.8403,7115.567,377284.433,744.567
480,7232.157,515.870,1465.648,10.8460,7250.532,377149.468,879.532
540,7379.300,592.428,1648.726,10.8518,7403.043,376996.957,1032.043
600,7543.014,673.196,1831.758,10.8575,7572.995,376827.005,1201.995
660,7723.113,758.619,2014.741,10.8632,7760.282,376639.718,1389.282
720,7919.406,849.136,2197.668,10.8689,7964.799,376435.201,1593.799
780,8131.692,945.184,2380.535,10.8746,8186.440,376213.560,1815.440
840,8359.765,1047.191,2563.337,10.8803,8425.098,375974.902,2054.098
900,8603.409,1155.582,2746.068,10.8860,8680.669,375719.331,2309.669
960,8862.403,1270.777,2928.725,10.8917,8953.047,375446.953,2582.047
1020,9136.516,1393.188,3111.300,10.8974,9242.126,375157.874,2871.126
1080,9425.512,1523.224,3293.791,10.9031,9547.800,374852.200,3176.800
1140,9729.148,1661.286,3476.191,10.9087,9869.964,374530.036,3498.964
1200,10047.172,1807.772,3658.496,10.9144,10208.512,374191.488,3837.512
1260,10379.328,1963.071,3840.701,10.9200,10563.337,373836.663,4192.337
1320,10725.351,2127.568,4022.800,10.9256,10934.336,373465.664,4563.336
1380,11084.970,2301.641,4204.789,10.9312,11321.401,373078.599,4950.401
1440,11457.909,2485.662,4386.663,10.9368,11724.427,372675.573,5353.427
1500,11843.883,2679.997,4568.417,10.9424,12143.308,372256.692,5772.308
1560,12242.602,2885.005,4750.045,10.9479,12577.940,371822.060,6206.940
1620,12653.771,3101.040,4931.543,10.9534,13028.215,371371.785,6657.215
1680,13077.088,3328.447,5112.906,10.9590,13494.028,370905.972,7123.028
1740,13512.245,3567.566,5294.129,10.9645,13975.274,370424.726,7604.274
1800,13958.928,3818.730,5475.206,10.9700,14471.847,369928.153,8100.847
1860,14416.817,4082.266,5656.134,10.9754,14983.641,369416.359,8612.641
1920,14885.588,4358.492,5836.906,10.9809,15510.551,368889.449,9139.551
1980,15364.911,4647.720,6017.519,10.9863,16052.470,368347.530,9681.470
2040,15854.450,4950.256,6197.966,10.9917,16609.293,367790.707,10238.293
2100,16353.865,5266.399,6378.243,10.9971,17180.915,367219.085,10809.915
2160,16862.809,5596.438,6558.346,11.0025,17767.229,366632.771,11396.229
2220,17380.933,5940.658,6738.269,11.0078,18368.131,366031.869,11997.131
2280,17907.880,6299.335,6918.007,11.0131,18983.513,365416.487,12612.513
2340,18443.291,6672.738,7097.555,11.0184,19613.271,364786.729,13242.271
2400,18986.802,7061.128,7276.909,11.0237,20257.299,364142.701,13886.299
2460,19538.043,7464.761,7456.064,11.0290,20915.491,363484.509,14544.491
2520,20096.642,7883.881,7635.013,11.0342,21587.742,362812.258,15216.742
2580,20662.221,8318.729,7813.754,11.0394,22273.945,362126.055,15902.945
2640,21234.399,8769.536,7992.280,11.0445,22973.996,361426.004,16602.996
2700,21812.792,9236.524,8170.588,11.0497,23687.787,360712.213,17316.787
2760,22397.010,9719.910,8348.671,11.0548,24415.214,359984.786,18044.214
2820,22986.661,10219.902,8526.525,11.0599,25156.172,359243.828,18785.172
2880,23581.349,10736.700,8704.146,11.0650,25910.553,358489.447,19539.553
2940,24180.676,11270.497,8881.528,11.0700,26678.253,357721.747,20307.253
3000,24784.239,11821.475,9058.667,11.0750,27459.166,356940.834,21088.166
3060,25391.633,12389.813,9235.557,11.0800,28253.185,356146.815,21882.185
3120,26002.450,12975.678,9412.194,11.0849,29060.207,355339.793,22689.207
3180,26616.279,13579.230,9588.573,11.0898,29880.124,354519.876,23509.124
3240,27232.706,14200.622,9764.689,11.0947,30712.831,353687.169,24341.831
3300,27851.316,14839.998,9940.537,11.0996,31558.222,352841.778,25187.222
3360,28471.691,15497.494,10116.113,11.1044,32416.192,351983.808,26045.192
3420,29093.409,16173.237,10291.411,11.1091,33286.634,351113.366,26915.634
3480,29716.048,16867.347,10466.428,11.1139,34169.444,350230.556,27798.444
3540,30339.184,17579.936,10641.157,11.1186,35064.516,349335.484,28693.516
3600,30962.391,18311.107,10815.595,11.1233,35971.743,348428.257,29600.743
3660,31585.240,19060.955,10989.736,11.1279,36891.021,347508.979,30520.021
3720,32207.303,19829.566,11163.576,11.1325,37822.242,346577.758,31451.242
3780,32828.147,20617.018,11337.110,11.1371,38765.303,345634.697,32394.303
3840,33447.342,21423.383,11510.333,11.1416,39720.096,344679.904,33349.096
3900,34064.454,22248.722,11683.240,11.1461,40686.517,343713.483,34315.517
3960,34679.049,23093.088,11855.827,11.1506,41664.459,342735.541,35293.459
4020,35290.692,23956.527,12028.089,11.1550,42653.817,341746.183,36282.817
4080,35898.948,24839.075,12200.022,11.1594,43654.485,340745.515,37283.485
4140,36503.380,25740.762,12371.620,11.1637,44666.358,339733.642,38295.358
4200,37103.552,26661.607,12542.878,11.1680,45689.330,338710.670,39318.330
4260,37699.027,27601.623,12713.793,11.1723,46723.294,337676.706,40352.294
4320,38289.369,28560.813,12884.359,11.1765,47768.146,336631.854,41397.146
4380,38874.140,29539.173,13054.572,11.1807,48823.780,335576.220,42452.780
4440,39452.904,30536.689,13224.428,11.1848,49890.089,334509.911,43519.089
4500,40025.224,31553.342,13393.920,11.1889,50966.969,333433.031,44595.969
4560,40590.664,32589.102,13563.046,11.1930,52054.314,332345.686,45683.314
4620,41148.789,33643.930,13731.799,11.1970,53152.017,331247.983,46781.017
4680,41699.165,34717.782,13900.176,11.2009,54259.973,330140.027,47888.973
4740,42241.356,35810.602,14068.172,11.2049,55378.077,329021.923,49007.077
4800,42774.931,36922.330,14235.783,11.2087,56506.223,327893.777,50135.223
4860,43299.457,38052.895,14403.003,11.2126,57644.304,326755.696,51273.304
4920,43814.505,39202.218,14569.828,11.2163,58792.216,325607.784,52421.216
4980,44319.643,40370.212,14736.253,11.2201,59949.853,324450.147,53578.853
5040,44814.446,41556.784,14902.275,11.2238,61117.108,323282.892,54746.108
5100,45298.487,42761.831,15067.888,11.2274,62293.877,322106.123,55922.877
5160,45771.342,43985.241,15233.088,11.2310,63480.053,320919.947,57109.053
5220,46232.587,45226.897,15397.871,11.2346,64675.531,319724.469,58304.531
5280,46681.804,46486.672,15562.231,11.2381,65880.205,318519.795,59509.205
5340,47118.573,47764.431,15726.165,11.2415,67093.970,317306.030,60722.970
5400,47542.479,49060.033,15889.667,11.2450,68316.719,316083.281,61945.719
5460,47953.109,50373.327,16052.734,11.2483,69548.348,314851.652,63177.348
5520,48350.051,51704.155,16215.361,11.2516,70788.749,313611.251,64417.749
5580,48732.897,53052.352,16377.543,11.2549,72037.819,312362.181,65666.819
5640,49101.242,54417.745,16539.277,11.2581,73295.450,311104.550,66924.450
5700,49454.683,55800.154,16700.557,11.2613,74561.537,309838.463,68190.537
5760,49792.821,57199.389,16861.379,11.2644,75835.975,308564.025,69464.975
5820,50115.259,58615.255,17021.738,11.2674,77118.658,307281.342,70747.658
5880,50421.605,60047.549,17181.631,11.2705,78409.479,305990.521,72038.479
5940,50711.469,61496.061,17341.053,11.2734,79708.335,304691.665,73337.335
6000,50984.465,62960.571,17500.000,11.2763,81015.117,303384.883,74644.117
6060,51240.211,64440.856,17658.467,11.2792,82329.722,302070.278,75958.722
6120,51478.327,65936.683,17816.450,11.2820,83652.043,300747.957,77281.043
6180,51698.440,67447.812,17973.944,11.2847,84981.975,299418.025,78610.975
6240,51900.178,68973.997,18130.945,11.2874,86319.412,298080.588,79948.412
6300,52083.176,70514.985,18287.450,11.2901,87664.247,296735.753,81293.247
6360,52247.070,72070.514,18443.453,11.2926,89016.377,295383.623,82645.377
6420,52391.503,73640.318,18598.950,11.2952,90375.694,294024.306,84004.694
6480,52516.121,75224.122,18753.938,11.2977,91742.093,292657.907,85371.093
6540,52620.576,76821.647,18908.411,11.3001,93115.468,291284.532,86744.468
6600,52704.522,78432.604,19062.366,11.3025,94495.714,289904.286,88124.714
6660,52767.622,80056.699,19215.799,11.3048,95882.725,288517.275,89511.725
6720,52809.539,81693.633,19368.704,11.3070,97276.396,287123.604,90905.396
6780,52829.946,83343.099,19521.079,11.3092,98676.620,285723.380,92305.620
6840,52828.516,85004.783,19672.918,11.3114,100083.291,284316.709,93712.291
6900,52804.932,86678.366,19824.218,11.3135,101496.305,282903.695,95125.305
6960,52758.878,88363.524,19974.975,11.3155,102915.556,281484.444,96544.556
7020,52690.047,90059.924,20125.184,11.3175,104340.937,280059.063,97969.937
7080,52598.136,91767.230,20274.841,11.3194,105772.343,278627.657,99401.343
7140,52482.847,93485.099,20423.942,11.3213,107209.668,277190.332,100838.668
7200,52343.889,95213.181,20572.484,11.3231,108652.807,275747.193,102281.807
7260,52180.976,96951.122,20720.461,11.3248,110101.654,274298.346,103730.654
7320,51993.827,98698.562,20867.871,11.3265,111556.104,272843.896,105185.104
7380,51782.170,100455.136,21014.708,11.3282,113016.050,271383.950,106645.050
7440,51545.735,102220.472,21160.969,11.3297,114481.386,269918.614,108110.386
7500,51284.262,103994.195,21306.650,11.3313,115952.008,268447.992,109581.008
7560,50997.494,105775.923,21451.747,11.3327,117427.809,266972.191,111056.809
7620,50685.183,107565.270,21596.256,11.3341,118908.684,265491.316,112537.684
7680,50347.086,109361.845,21740.172,11.3355,120394.527,264005.473,114023.527
7740,49982.967,111165.250,21883.493,11.3368,121885.232,262514.768,115514.232
7800,49592.596,112975.086,22026.214,11.3380,123380.694,261019.306,117009.694
7860,49175.750,114790.947,22168.331,11.3391,124880.807,259519.193,118509.807
7920,48732.212,116612.423,22309.840,11.3403,126385.465,258014.535,120014.465
7980,48261.774,118439.099,22450.737,11.3413,127894.562,256505.438,121523.562
8040,47764.233,120270.557,22591.019,11.3423,129407.994,254992.006,123036.994
8100,47239.393,122106.373,22730.682,11.3432,130925.653,253474.347,124554.653
8160,46687.066,123946.121,22869.721,11.3441,132447.435,251952.565,126076.435
8220,46107.070,125789.369,23008.134,11.3449,133973.233,250426.767,127602.233
8280,45499.231,127635.683,23145.915,11.3457,135502.943,248897.057,129131.943
8340,44863.382,129484.623,23283.062,11.3464,137036.458,247363.542,130665.458
8400,44199.363,131335.749,23419.571,11.3470,138573.672,245826.328,132202.672
8460,43507.021,133188.613,23555.438,11.3476,140114.480,244285.520,133743.480
8520,42786.213,135042.767,23690.659,11.3481,141658.777,242741.223,135287.777
8580,42036.799,136897.759,23825.230,11.3485,143206.456,241193.544,136835.456
8640,41258.651,138753.133,23959.149,11.3489,144757.411,239642.589,138386.411
8700,40451.645,140608.430,24092.410,11.3492,146311.538,238088.462,139940.538
8760,39615.667,142463.189,24225.011,11.3495,147868.730,236531.270,141497.730
8820,38750.610,144316.946,24356.948,11.3497,149428.882,234971.118,143057.882
8880,37856.375,146169.235,24488.217,11.3499,150991.888,233408.112,144620.888
8940,36932.869,148019.584,24618.815,11.3500,152557.642,231842.358,146186.642
9000,35980.009,149867.524,24748.737,11.3500,154126.039,230273.961,147755.039
9060,34997.720,151712.579,24877.982,11.3500,155696.972,228703.028,149325.972
9120,33985.932,153554.275,25006.544,11.3499,157270.337,227129.663,150899.337
9180,32944.587,155392.131,25134.420,11.3497,158846.027,225553.973,152475.027
9240,31873.632,157225.669,25261.608,11.3495,160423.937,223976.063,154052.937
9300,30773.024,159054.407,25388.103,11.3492,162003.961,222396.039,155632.961
9360,29642.725,160877.860,25513.902,11.3489,163585.993,220814.007,157214.993
9420,28482.708,162695.545,25639.001,11.3485,165169.928,219230.072,158798.928
9480,27292.954,164506.975,25763.398,11.3481,166755.660,217644.340,160384.660
9540,26073.451,166311.661,25887.088,11.3476,168343.083,216056.917,161972.083
9600,24824.195,168109.116,26010.069,11.3470,169932.091,214467.909,163561.091
9660,23545.191,169898.850,26132.336,11.3464,171522.580,212877.420,165151.580
9720,22236.451,171680.373,26253.887,11.3457,173114.442,211285.558,166743.442
9780,20897.999,173453.192,26374.719,11.3449,174707.573,209692.427,168336.573
9840,19529.861,175216.817,26494.827,11.3441,176301.867,208098.133,169930.867
9900,18132.077,176970.754,26614.209,11.3432,177897.218,206502.782,171526.218
9960,16704.692,178714.512,26732.861,11.3423,179493.520,204906.480,173122.520
10020,15247.761,180447.598,26850.780,11.3413,181090.668,203309.332,174719.668
10080,13761.345,182169.519,26967.963,11.3403,182688.555,201711.445,176317.555
10140,12245.517,183879.782,27084.407,11.3391,184287.077,200112.923,177916.077
10200,10700.354,185577.894,27200.109,11.3380,185886.127,198513.873,179515.127
10260,9125.945,187263.364,27315.064,11.3368,187485.601,196914.399,181114.601
10320,7522.385,188935.700,27429.271,11.3355,189085.391,195314.609,182714.391
10380,5889.779,190594.411,27542.726,11.3341,190685.393,193714.607,184314.393
10440,4228.238,192239.006,27655.425,11.3327,192285.500,192114.500,185914.500
10500,2537.884,193868.997,27767.367,11.3313,193885.607,190514.393,187514.607
10560,818.846,195483.894,27878.547,11.3297,195485.609,188914.391,189114.609
10620,-928.740,197083.211,27988.963,11.3282,197085.399,187314.601,190714.399
10680,-2704.727,198666.462,28098.612,11.3265,198684.873,185715.127,192313.873
10740,-4508.961,200233.162,28207.490,11.3248,200283.923,184116.077,193912.923
10800,-6341.281,201782.828,28315.595,11.3231,201882.445,182517.555,195511.445
10860,-8201.516,203314.979,28422.923,11.3213,203480.332,180919.668,197109.332
10920,-10089.487,204829.136,28529.473,11.3194,205077.480,179322.520,198706.480
10980,-12005.008,206324.822,28635.240,11.3175,206673.782,177726.218,200302.782
11040,-13947.884,207801.560,28740.222,11.3155,208269.133,176130.867,201898.133
11100,-15917.911,209258.878,28844.417,11.3135,209863.427,174536.573,203492.427
11160,-17914.879,210696.305,28947.820,11.3114,211456.558,172943.442,205085.558
11220,-19938.568,212113.373,29050.430,11.3092,213048.420,171351.580,206677.420
11280,-21988.750,213509.616,29152.243,11.3070,214638.909,169761.091,208267.909
11340,-24065.191,214884.571,29253.258,11.3048,216227.917,168172.083,209856.917
11400,-26167.646,216237.778,29353.470,11.3025,217815.340,166584.660,211444.340
11460,-28295.865,217568.781,29452.877,11.3001,219401.072,164998.928,213030.072
11520,-30449.588,218877.125,29551.477,11.2977,220985.007,163414.993,214614.007
11580,-32628.548,220162.360,29649.267,11.2952,222567.039,161832.961,216196.039
11640,-34832.470,221424.039,29746.244,11.2926,224147.063,160252.937,217776.063
11700,-37061.072,222661.718,29842.406,11.2901,225724.973,158675.027,219353.973
11760,-39314.061,223874.956,29937.749,11.2874,227300.663,157099.337,220929.663
11820,-41591.142,225063.319,30032.272,11.2847,228874.028,155525.972,222503.028
11880,-43892.006,226226.373,30125.971,11.2820,230444.961,153955.039,224073.961
11940,-46216.342,227363.691,30218.844,11.2792,232013.358,152386.642,225642.358
12000,-48563.828,228474.848,30310.889,11.2763,233579.112,150820.888,227208.112
12060,-50934.136,229559.425,30402.103,11.2734,235142.118,149257.882,228771.118
12120,-53326.929,230617.005,30492.483,11.2705,236702.270,147697.730,230331.270
12180,-55741.865,231647.179,30582.028,11.2674,238259.462,146140.538,231888.462
12240,-58178.592,232649.540,30670.734,11.2644,239813.589,144586.411,233442.589
12300,-60636.754,233623.687,30758.599,11.2613,241364.544,143035.456,234993.544
12360,-63115.985,234569.224,30845.621,11.2581,242912.223,141487.777,236541.223
12420,-65615.912,235485.758,30931.797,11.2549,244456.520,139943.480,238085.520
12480,-68136.158,236372.903,31017.125,11.2516,245997.328,138402.672,239626.328
12540,-70676.336,237230.279,31101.603,11.2483,247534.542,136865.458,241163.542
12600,-73236.053,238057.509,31185.228,11.2450,249068.057,135331.943,242697.057
12660,-75814.908,238854.224,31267.999,11.2415,250597.767,133802.233,244226.767
12720,-78412.497,239620.058,31349.912,11.2381,252123.565,132276.435,245752.565
12780,-81028.405,240354.654,31430.965,11.2346,253645.347,130754.653,247274.347
12840,-83662.213,241057.657,31511.157,11.2310,255163.006,129236.994,248792.006
12900,-86313.495,241728.720,31590.485,11.2274,256676.438,127723.562,250305.438
12960,-88981.818,242367.503,31668.947,11.2238,258185.535,126214.465,251814.535
13020,-91666.742,242973.671,31746.541,11.2201,259690.193,124709.807,253319.193
13080,-94367.824,243546.894,31823.264,11.2163,261190.306,123209.694,254819.306
13140,-97084.611,244086.851,31899.115,11.2126,262685.768,121714.232,256314.768
13200,-99816.646,244593.226,31974.091,11.2087,264176.473,120223.527,257805.473
13260,-102563.467,245065.708,32048.191,11.2049,265662.316,118737.684,259291.316
13320,-105324.602,245503.997,32121.412,11.2009,267143.191,117256.809,260772.191
13380,-108099.578,245907.796,32193.752,11.1970,268618.992,115781.008,262247.992
13440,-110887.915,246276.816,32265.210,11.1930,270089.614,114310.386,263718.614
13500,-113689.124,246610.775,32335.784,11.1889,271554.950,112845.050,265183.950
13560,-116502.716,246909.398,32405.470,11.1848,273014.896,111385.104,266643.896
13620,-119328.192,247172.418,32474.269,11.1807,274469.346,109930.654,268098.346
13680,-122165.051,247399.574,32542.177,11.1765,275918.193,108481.807,269547.193
13740,-125012.784,247590.614,32609.193,11.1723,277361.332,107038.668,270990.332
13800,-127870.880,247745.291,32675.315,11.1680,278798.657,105601.343,272427.657
13860,-130738.820,247863.368,32740.541,11.1637,280230.063,104169.937,273859.063
13920,-133616.082,247944.615,32804.870,11.1594,281655.444,102744.556,275284.444
13980,-136502.140,247988.808,32868.299,11.1550,283074.695,101325.305,276703.695
14040,-139396.460,247995.732,32930.827,11.1506,284487.709,99912.291,278116.709
14100,-142298.507,247965.182,32992.452,11.1461,285894.380,98505.620,279523.380
14160,-145207.741,247896.958,33053.173,11.1416,287294.604,97105.396,280923.604
14220,-148123.615,247790.868,33112.988,11.1371,288688.275,95711.725,282317.275
14280,-151045.582,247646.731,33171.894,11.1325,290075.286,94324.714,283704.286
14340,-153973.088,247464.372,33229.892,11.1279,291455.532,92944.468,285084.532
14400,-156905.575,247243.624,33286.978,11.1233,292828.907,91571.093,286457.907
14460,-159842.483,246984.329,33343.152,11.1186,294195.306,90204.694,287824.306
14520,-162783.247,246686.339,33398.411,11.1139,295554.623,88845.377,289183.623
14580,-165727.300,246349.511,33452.756,11.1091,296906.753,87493.247,290535.753
14640,-168674.069,245973.715,33506.182,11.1044,298251.588,86148.412,291880.588
14700,-171622.980,245558.825,33558.691,11.0996,299589.025,84810.975,293218.025
14760,-174573.455,245104.727,33610.279,11.0947,300918.957,83481.043,294547.957
14820,-177524.912,244611.315,33660.946,11.0898,302241.278,82158.722,295870.278
14880,-180476.768,244078.492,33710.690,11.0849,303555.883,80844.117,297184.883
14940,-183428.435,243506.168,33759.510,11.0800,304862.665,79537.335,298491.665
15000,-186379.325,242894.265,33807.404,11.0750,306161.521,78238.479,299790.521
15060,-189328.845,242242.712,33854.371,11.0700,307452.342,76947.658,301081.342
15120,-192276.401,241551.446,33900.411,11.0650,308735.025,75664.975,302364.025
15180,-195221.396,240820.417,33945.521,11.0599,310009.463,74390.537,303638.463
15240,-198163.232,240049.581,33989.700,11.0548,311275.550,73124.450,304904.550
15300,-201101.308,239238.904,34032.947,11.0497,312533.181,71866.819,306162.181
15360,-204035.022,238388.361,34075.262,11.0445,313782.251,70617.749,307411.251
15420,-206963.768,237497.937,34116.642,11.0394,315022.652,69377.348,308651.652
15480,-209886.942,236567.626,34157.087,11.0342,316254.281,68145.719,309883.281
15540,-212803.936,235597.431,34196.595,11.0290,317477.030,66922.970,311106.030
15600,-215714.141,234587.366,34235.166,11.0237,318690.795,65709.205,312319.795
15660,-218616.947,233537.451,34272.798,11.0184,319895.469,64504.531,313524.469
15720,-221511.745,232447.721,34309.491,11.0131,321090.947,63309.053,314719.947
15780,-224397.923,231318.214,34345.243,11.0078,322277.123,62122.877,315906.123
15840,-227274.867,230148.984,34380.054,11.0025,323453.892,60946.108,317082.892
15900,-230141.966,228940.090,34413.922,10.9971,324621.147,59778.853,318250.147
15960,-232998.606,227691.602,34446.846,10.9917,325778.784,58621.216,319407.784
16020,-235844.174,226403.600,34478.826,10.9863,326926.696,57473.304,320555.696
16080,-238678.056,225076.173,34509.861,10.9809,328064.777,56335.223,321693.777
16140,-241499.638,223709.422,34539.950,10.9754,329192.923,55207.077,322821.923
16200,-244308.306,222303.454,34569.092,10.9700,330311.027,54088.973,323940.027
16260,-247103.449,220858.389,34597.286,10.9645,331418.983,52981.017,325047.983
16320,-249884.452,219374.355,34624.532,10.9590,332516.686,51883.314,326145.686
16380,-252650.703,217851.490,34650.828,10.9534,333604.031,50795.969,327233.031
16440,-255401.592,216289.941,34676.174,10.9479,334680.911,49719.089,328309.911
16500,-258136.508,214689.867,34700.570,10.9424,335747.220,48652.780,329376.220
16560,-260854.841,213051.436,34724.015,10.9368,336802.854,47597.146,330431.854
16620,-263555.983,211374.824,34746.507,10.9312,337847.706,46552.294,331476.706
16680,-266239.328,209660.218,34768.047,10.9256,338881.670,45518.330,332510.670
16740,-268904.269,207907.815,34788.633,10.9200,339904.642,44495.358,333533.642
16800,-271550.203,206117.823,34808.266,10.9144,340916.515,43483.485,334545.515
16860,-274176.529,204290.457,34826.945,10.9087,341917.183,42482.817,335546.183
16920,-276782.646,202425.944,34844.669,10.9031,342906.541,41493.459,336535.541
16980,-279367.957,200524.519,34861.437,10.8974,343884.483,40515.517,337513.483
17040,-281931.865,198586.428,34877.250,10.8917,344850.904,39549.096,338479.904
17100,-284473.778,196611.927,34892.107,10.8860,345805.697,38594.303,339434.697
17160,-286993.105,194601.281,34906.007,10.8803,346748.758,37651.242,340377.758
17220,-289489.258,192554.765,34918.950,10.8746,347679.979,36720.021,341308.979
17280,-291961.652,190472.663,34930.935,10.8689,348599.257,35800.743,342228.257
17340,-294409.706,188355.270,34941.964,10.8632,349506.484,34893.516,343135.484
17400,-296832.839,186202.889,34952.034,10.8575,350401.556,33998.444,344030.556
17460,-299230.477,184015.834,34961.146,10.8518,351284.366,33115.634,344913.366
17520,-301602.048,181794.428,34969.299,10.8460,352154.808,32245.192,345783.808
17580,-303946.982,179539.003,34976.494,10.8403,353012.778,31387.222,346641.778
17640,-306264.716,177249.902,34982.730,10.8345,353858.169,30541.831,347487.169
17700,-308554.689,174927.475,34988.006,10.8288,354690.876,29709.124,348319.876
17760,-310816.344,172572.086,34992.324,10.8230,355510.793,28889.207,349139.793
17820,-313049.128,170184.102,34995.682,10.8173,356317.815,28082.185,349946.815
17880,-315252.493,167763.905,34998.081,10.8115,357111.834,27288.166,350740.834
17940,-317425.896,165311.883,34999.520,10.8058,357892.747,26507.253,351521.747
18000,-319568.798,162828.436,35000.000,10.8000,358660.447,25739.553,352289.447
18060,-321680.665,160313.969,34999.520,10.7942,359414.828,24985.172,353043.828
18120,-323760.967,157768.900,34998.081,10.7885,360155.786,24244.214,353784.786
18180,-325809.181,155193.656,34995.682,10.7827,360883.213,23516.787,354512.213
18240,-327824.788,152588.670,34992.324,10.7770,361597.004,22802.996,355226.004
18300,-329807.274,149954.386,34988.006,10.7712,362297.055,22102.945,355926.055
18360,-331756.131,147291.258,34982.730,10.7655,362983.258,21416.742,356612.258
18420,-333670.859,144599.748,34976.494,10.7597,363655.509,20744.491,357284.509
18480,-335550.959,141880.324,34969.299,10.7540,364313.701,20086.299,357942.701
18540,-337395.942,139133.468,34961.146,10.7482,364957.729,19442.271,358586.729
18600,-339205.324,136359.666,34952.034,10.7425,365587.487,18812.513,359216.487
18660,-340978.627,133559.415,34941.964,10.7368,366202.869,18197.131,359831.869
18720,-342715.379,130733.221,34930.935,10.7311,366803.771,17596.229,360432.771
18780,-344415.116,127881.596,34918.950,10.7254,367390.085,17009.915,361019.085
18840,-346077.378,125005.063,34906.007,10.7197,367961.707,16438.293,361590.707
18900,-347701.716,122104.152,34892.107,10.7140,368518.530,15881.470,362147.530
18960,-349287.683,119179.400,34877.250,10.7083,369060.449,15339.551,362689.449
19020,-350834.844,116231.355,34861.437,10.7026,369587.359,14812.641,363216.359
19080,-352342.768,113260.571,34844.669,10.6969,370099.153,14300.847,363728.153
19140,-353811.031,110267.611,34826.945,10.6913,370595.726,13804.274,364224.726
19200,-355239.220,107253.044,34808.266,10.6856,371076.972,13323.028,364705.972
19260,-356626.926,104217.449,34788.633,10.6800,371542.785,12857.215,365171.785
19320,-357973.750,101161.412,34768.047,10.6744,371993.060,12406.940,365622.060
19380,-359279.299,98085.526,34746.507,10.6688,372427.692,11972.308,366056.692
19440,-360543.191,94990.392,34724.015,10.6632,372846.573,11553.427,366475.573
19500,-361765.049,91876.618,34700.570,10.6576,373249.599,11150.401,366878.599
19560,-362944.505,88744.820,34676.174,10.6521,373636.664,10763.336,367265.664
19620,-364081.202,85595.619,34650.828,10.6466,374007.663,10392.337,367636.663
19680,-365174.788,82429.647,34624.532,10.6410,374362.488,10037.512,367991.488
19740,-366224.923,79247.540,34597.286,10.6355,374701.036,9698.964,368330.036
19800,-367231.272,76049.940,34569.092,10.6300,375023.200,9376.800,368652.200
19860,-368193.512,72837.500,34539.950,10.6246,375328.874,9071.126,368957.874
19920,-369111.328,69610.874,34509.861,10.6191,375617.953,8782.047,369246.953
19980,-369984.415,66370.727,34478.826,10.6137,375890.331,8509.669,369519.331
20040,-370812.475,63117.729,34446.846,10.6083,376145.902,8254.098,369774.902
20100,-371595.222,59852.555,34413.922,10.6029,376384.560,8015.440,370013.560
20160,-372332.378,56575.888,34380.054,10.5975,376606.201,7793.799,370235.201
20220,-373023.674,53288.416,34345.243,10.5922,376810.718,7589.282,370439.718
20280,-373668.854,49990.833,34309.491,10.5869,376998.005,7401.995,370627.005
20340,-374267.668,46683.839,34272.798,10.5816,377167.957,7232.043,370796.957
20400,-374819.877,43368.139,34235.166,10.5763,377320.468,7079.532,370949.468
20460,-375325.254,40044.445,34196.595,10.5710,377455.433,6944.567,371084.433
20520,-375783.580,36713.472,34157.087,10.5658,377572.745,6827.255,371201.745
20580,-376194.646,33375.943,34116.642,10.5606,377672.299,6727.701,371301.299
20640,-376558.257,30032.584,34075.262,10.5555,377753.990,6646.010,371382.990
20700,-376874.223,26684.126,34032.947,10.5503,377817.711,6582.289,371446.711
20760,-377142.369,23331.307,33989.700,10.5452,377863.356,6536.644,371492.356
20820,-377362.528,19974.867,33945.521,10.5401,377890.821,6509.179,371519.821
20880,-377534.546,16615.552,33900.411,10.5350,377900.000,6500.000,371529.000
20940,-377650.006,13253.822,33854.371,10.5300,377882.509,6517.491,371511.509
21000,-377700.749,9890.442,33807.404,10.5250,377830.222,6569.778,371459.222
21060,-377687.030,6526.613,33759.510,10.5200,377743.417,6656.583,371372.417
21120,-377609.121,3163.525,33710.690,10.5151,377622.373,6777.627,371251.373
21180,-377467.316,-197.641,33660.946,10.5102,377467.368,6932.632,371096.368
21240,-377261.923,-3555.715,33610.279,10.5053,377278.679,7121.321,370907.679
21300,-376993.273,-6909.536,33558.691,10.5004,377056.587,7343.413,370685.587
21360,-376661.713,-10257.955,33506.182,10.4956,376801.369,7598.631,370430.369
21420,-376267.607,-13599.832,33452.756,10.4909,376513.303,7886.697,370142.303
21480,-375811.337,-16934.042,33398.411,10.4861,376192.668,8207.332,369821.668
21540,-375293.306,-20259.466,33343.152,10.4814,375839.742,8560.258,369468.742
21600,-374713.929,-23575.002,33286.978,10.4767,375454.803,8945.197,369083.803
21660,-374073.641,-26879.556,33229.892,10.4721,375038.130,9361.870,368667.130
21720,-373372.893,-30172.049,33171.894,10.4675,374590.002,9809.998,368219.002
21780,-372612.153,-33451.411,33112.988,10.4629,374110.696,10289.304,367739.696
21840,-371791.903,-36716.588,33053.173,10.4584,373600.492,10799.508,367229.492
21900,-370912.645,-39966.537,32992.452,10.4539,373059.666,11340.334,366688.666
21960,-369974.894,-43200.227,32930.827,10.4494,372488.499,11911.501,366117.499
22020,-368979.179,-46416.643,32868.299,10.4450,371887.267,12512.733,365516.267
22080,-367926.048,-49614.781,32804.870,10.4406,371256.250,13143.750,364885.250
22140,-366816.060,-52793.653,32740.541,10.4363,370595.726,13804.274,364224.726
22200,-365649.793,-55952.281,32675.315,10.4320,369905.973,14494.027,363534.973
22260,-364427.835,-59089.705,32609.193,10.4277,369187.269,15212.731,362816.269
22320,-363150.790,-62204.976,32542.177,10.4235,368439.894,15960.106,362068.894
22380,-361819.277,-65297.163,32474.269,10.4193,367664.125,16735.875,361293.125
22440,-360433.926,-68365.346,32405.470,10.4152,366860.240,17539.760,360489.240
22500,-358995.383,-71408.622,32335.784,10.4111,366028.519,18371.481,359657.519
22560,-357504.305,-74426.101,32265.210,10.4070,365169.239,19230.761,358798.239
22620,-355961.363,-77416.909,32193.752,10.4030,364282.678,20117.322,357911.678
22680,-354367.239,-80380.189,32121.412,10.3991,363369.116,21030.884,356998.116
22740,-352722.628,-83315.097,32048.191,10.3951,362428.831,21971.169,356057.831
22800,-351028.237,-86220.805,31974.091,10.3913,361462.100,22937.900,355091.100
22860,-349284.783,-89096.500,31899.115,10.3874,360469.203,23930.797,354098.203
22920,-347492.998,-91941.388,31823.264,10.3837,359450.417,24949.583,353079.417
22980,-345653.621,-94754.687,31746.541,10.3799,358406.022,25993.978,352035.022
23040,-343767.403,-97535.633,31668.947,10.3762,357336.294,27063.706,350965.294
23100,-341835.107,-100283.479,31590.485,10.3726,356241.514,28158.486,349870.514
23160,-339857.503,-102997.492,31511.157,10.3690,355121.959,29278.041,348750.959
23220,-337835.373,-105676.958,31430.965,10.3654,353977.907,30422.093,347606.907
23280,-335769.507,-108321.178,31349.912,10.3619,352809.637,31590.363,346438.637
23340,-333660.707,-110929.469,31267.999,10.3585,351617.427,32782.573,345246.427
23400,-331509.781,-113501.167,31185.228,10.3550,350401.556,33998.444,344030.556
23460,-329317.547,-116035.624,31101.603,10.3517,349162.301,35237.699,342791.301
23520,-327084.830,-118532.207,31017.125,10.3484,347899.942,36500.058,341528.942
23580,-324812.463,-120990.304,30931.797,10.3451,346614.757,37785.243,340243.757
23640,-322501.290,-123409.315,30845.621,10.3419,345307.024,39092.976,338936.024
23700,-320152.157,-125788.663,30758.599,10.3387,343977.021,40422.979,337606.021
23760,-317765.921,-128127.783,30670.734,10.3356,342625.028,41774.972,336254.028
23820,-315343.445,-130426.131,30582.028,10.3326,341251.321,43148.679,334880.321
23880,-312885.597,-132683.179,30492.483,10.3295,339856.180,44543.820,333485.180
23940,-310393.253,-134898.416,30402.103,10.3266,338439.883,45960.117,332068.883
24000,-307867.293,-137071.350,30310.889,10.3237,337002.708,47397.292,330631.708
24060,-305308.603,-139201.505,30218.844,10.3208,335544.933,48855.067,329173.933
24120,-302718.076,-141288.424,30125.971,10.3180,334066.838,50333.162,327695.838
24180,-300096.608,-143331.666,30032.272,10.3153,332568.700,51831.300,326197.700
24240,-297445.099,-145330.809,29937.749,10.3126,331050.798,53349.202,324679.798
24300,-294764.455,-147285.450,29842.406,10.3099,329513.410,54886.590,323142.410
24360,-292055.585,-149195.200,29746.244,10.3074,327956.815,56443.185,321585.815
24420,-289319.402,-151059.691,29649.267,10.3048,326381.291,58018.709,320010.291
24480,-286556.822,-152878.572,29551.477,10.3023,324787.115,59612.885,318416.115
24540,-283768.765,-154651.510,29452.877,10.2999,323174.568,61225.432,316803.568
24600,-280956.151,-156378.188,29353.470,10.2975,321543.926,62856.074,315172.926
24660,-278119.906,-158058.308,29253.258,10.2952,319895.469,64504.531,313524.469
24720,-275260.956,-159691.592,29152.243,10.2930,318229.474,66170.526,311858.474
24780,-272380.228,-161277.776,29050.430,10.2908,316546.221,67853.779,310175.221
24840,-269478.653,-162816.617,28947.820,10.2886,314845.987,69554.013,308474.987
24900,-266557.162,-164307.887,28844.417,10.2865,313129.051,71270.949,306758.051
24960,-263616.686,-165751.377,28740.222,10.2845,311395.691,73004.309,305024.691
25020,-260658.157,-167146.897,28635.240,10.2825,309646.185,74753.815,303275.185
25080,-257682.508,-168494.272,28529.473,10.2806,307880.813,76519.187,301509.813
25140,-254690.672,-169793.348,28422.923,10.2787,306099.852,78300.148,299728.852
25200,-251683.580,-171043.984,28315.595,10.2769,304303.580,80096.420,297932.580
25260,-248662.164,-172246.062,28207.490,10.2732,302492.277,81907.723,296121.277
25320,-245627.355,-173399.476,28098.612,10.2695,300666.220,83733.780,294295.220
25380,-242580.081,-174504.142,27988.963,10.2658,298825.688,85574.312,292454.688
25440,-239521.272,-175559.991,27878.547,10.2623,296970.959,87429.041,290599.959
25500,-236451.852,-176566.972,27767.367,10.2587,295102.311,89297.689,288731.311
25560,-233372.745,-177525.051,27655.425,10.2553,293220.023,91179.977,286849.023
25620,-230284.874,-178434.211,27542.726,10.2519,291324.374,93075.626,284953.374
25680,-227189.156,-179294.453,27429.271,10.2485,289415.641,94984.359,283044.641
25740,-224086.508,-180105.793,27315.064,10.2452,287494.104,96905.896,281123.104
25800,-220977.841,-180868.267,27200.109,10.2420,285560.039,98839.961,279189.039
25860,-217864.065,-181581.925,27084.407,10.2389,283613.727,100786.273,277242.727
25920,-214746.084,-182246.834,26967.963,10.2357,281655.444,102744.556,275284.444
25980,-211624.800,-182863.081,26850.780,10.2327,279685.470,104714.530,273314.470
26040,-208501.110,-183430.764,26732.861,10.2297,277704.083,106695.917,271333.083
26100,-205375.903,-183950.002,26614.209,10.2268,275711.561,108688.439,269340.561
26160,-202250.069,-184420.929,26494.827,10.2239,273708.183,110691.817,267337.183
26220,-199124.488,-184843.694,26374.719,10.2211,271694.227,112705.773,265323.227
26280,-196000.036,-185218.463,26253.887,10.2183,269669.971,114730.029,263298.971
26340,-192877.583,-185545.419,26132.336,10.2156,267635.694,116764.306,261264.694
26400,-189757.995,-185824.757,26010.069,10.2130,265591.673,118808.327,259220.673
26460,-186642.128,-186056.693,25887.088,10.2104,263538.189,120861.811,257167.189
26520,-183530.834,-186241.455,25763.398,10.2079,261475.518,122924.482,255104.518
26580,-180424.957,-186379.286,25639.001,10.2055,259403.939,124996.061,253032.939
26640,-177325.336,-186470.447,25513.902,10.2031,257323.730,127076.270,250952.730
26700,-174232.800,-186515.211,25388.103,10.2008,255235.171,129164.829,248864.171
26760,-171148.171,-186513.869,25261.608,10.1985,253138.539,131261.461,246767.539
26820,-168072.265,-186466.725,25134.420,10.1963,251034.113,133365.887,244663.113
26880,-165005.887,-186374.097,25006.544,10.1941,248922.170,135477.830,242551.170
26940,-161949.837,-186236.319,24877.982,10.1920,246802.990,137597.010,240431.990
27000,-158904.903,-186053.737,24748.737,10.1900,244676.851,139723.149,238305.851
27060,-155871.867,-185826.715,24618.815,10.1880,242544.031,141855.969,236173.031
27120,-152851.501,-185555.627,24488.217,10.1861,240404.809,143995.191,234033.809
27180,-149844.566,-185240.862,24356.948,10.1843,238259.462,146140.538,231888.462
27240,-146851.817,-184882.824,24225.011,10.1825,236108.269,148291.731,229737.269
27300,-143873.995,-184481.929,24092.410,10.1808,233951.510,150448.490,227580.510
27360,-140911.836,-184038.606,23959.149,10.1791,231789.461,152610.539,225418.461
27420,-137966.061,-183553.298,23825.230,10.1775,229622.401,154777.599,223251.401
27480,-135037.384,-183026.459,23690.659,10.1759,227450.609,156949.391,221079.609
27540,-132126.507,-182458.557,23555.438,10.1744,225274.364,159125.636,218903.364
27600,-129234.120,-181850.073,23419.571,10.1730,223093.942,161306.058,216722.942
27660,-126360.906,-181201.499,23283.062,10.1716,220909.624,163490.376,214538.624
27720,-123507.532,-180513.339,23145.915,10.1703,218721.687,165678.313,212350.687
27780,-120674.657,-179786.109,23008.134,10.1691,216530.409,167869.591,210159.409
27840,-117862.927,-179020.337,22869.721,10.1679,214336.069,170063.931,207965.069
27900,-115072.976,-178216.561,22730.682,10.1668,212138.946,172261.054,205767.946
27960,-112305.426,-177375.331,22591.019,10.1657,209939.317,174460.683,203568.317
28020,-109560.888,-176497.209,22450.737,10.1647,207737.462,176662.538,201366.462
28080,-106839.960,-175582.765,22309.840,10.1637,205533.657,178866.343,199162.657
28140,-104143.226,-174632.581,22168.331,10.1629,203328.183,181071.817,196957.183
28200,-101471.260,-173647.250,22026.214,10.1620,201121.316,183278.684,194750.316
28260,-98824.621,-172627.373,21883.493,10.1612,198913.337,185486.663,192542.337
28320,-96203.856,-171573.561,21740.172,10.1605,196704.522,187695.478,190333.522
28380,-93609.499,-170486.436,21596.256,10.1599,194495.150,189904.850,188124.150
28440,-91042.070,-169366.629,21451.747,10.1593,192285.500,192114.500,185914.500
28500,-88502.076,-168214.777,21306.650,10.1587,190075.850,194324.150,183704.850
28560,-85990.009,-167031.530,21160.969,10.1583,187866.478,196533.522,181495.478
28620,-83506.349,-165817.543,21014.708,10.1578,185657.663,198742.337,179286.663
28680,-81051.561,-164573.482,20867.871,10.1575,183449.684,200950.316,177078.684
28740,-78626.097,-163300.018,20720.461,10.1572,181242.817,203157.183,174871.817
28800,-76230.393,-161997.831,20572.484,10.1569,179037.343,205362.657,172666.343
28860,-73864.873,-160667.610,20423.942,10.1567,176833.538,207566.462,170462.538
28920,-71529.944,-159310.049,20274.841,10.1566,174631.683,209768.317,168260.683
28980,-69226.000,-157925.850,20125.184,10.1565,172432.054,211967.946,166061.054
29040,-66953.421,-156515.721,19974.975,10.1565,170234.931,214165.069,163863.931
29100,-64712.571,-155080.377,19824.218,10.1565,168040.591,216359.409,161669.591
29160,-62503.798,-153620.539,19672.918,10.1566,165849.313,218550.687,159478.313
29220,-60327.438,-152136.933,19521.079,10.1568,163661.376,220738.624,157290.376
29280,-58183.809,-150630.291,19368.704,10.1570,161477.058,222922.942,155106.058
29340,-56073.215,-149101.351,19215.799,10.1572,159296.636,225103.364,152925.636
29400,-53995.945,-147550.856,19062.366,10.1575,157120.391,227279.609,150749.391
29460,-51952.273,-145979.552,18908.411,10.1579,154948.599,229451.401,148577.599
29520,-49942.456,-144388.191,18753.938,10.1583,152781.539,231618.461,146410.539
29580,-47966.737,-142777.530,18598.950,10.1588,150619.490,233780.510,144248.490
29640,-46025.342,-141148.327,18443.453,10.1594,148462.731,235937.269,142091.731
29700,-44118.483,-139501.347,18287.450,10.1599,146311.538,238088.462,139940.538
29760,-42246.354,-137837.355,18130.945,10.1606,144166.191,240233.809,137795.191
29820,-40409.136,-136157.121,17973.944,10.1613,142026.969,242373.031,135655.969
29880,-38606.992,-134461.419,17816.450,10.1620,139894.149,244505.851,133523.149
29940,-36840.069,-132751.022,17658.467,10.1628,137768.010,246631.990,131397.010
30000,-35108.501,-131026.708,17500.000,10.1637,135648.830,248751.170,129277.830
30060,-33412.402,-129289.256,17341.053,10.1646,133536.887,250863.113,127165.887
30120,-31751.872,-127539.446,17181.631,10.1655,131432.461,252967.539,125061.461
30180,-30126.997,-125778.061,17021.738,10.1666,129335.829,255064.171,122964.829
30240,-28537.842,-124005.884,16861.379,10.1676,127247.270,257152.730,120876.270
30300,-26984.460,-122223.697,16700.557,10.1687,125167.061,259232.939,118796.061
30360,-25466.887,-120432.286,16539.277,10.1699,123095.482,261304.518,116724.482
30420,-23985.143,-118632.434,16377.543,10.1711,121032.811,263367.189,114661.811
30480,-22539.229,-116824.926,16215.361,10.1724,118979.327,265420.673,112608.327
30540,-21129.135,-115010.545,16052.734,10.1737,116935.306,267464.694,110564.306
30600,-19754.831,-113190.075,15889.667,10.1750,114901.029,269498.971,108530.029
30660,-18416.271,-111364.298,15726.165,10.1765,112876.773,271523.227,106505.773
30720,-17113.396,-109533.994,15562.231,10.1779,110862.817,273537.183,104491.817
30780,-15846.127,-107699.942,15397.871,10.1794,108859.439,275540.561,102488.439
30840,-14614.372,-105862.921,15233.088,10.1810,106866.917,277533.083,100495.917
30900,-13418.022,-104023.704,15067.888,10.1826,104885.530,279514.470,98514.530
30960,-12256.950,-102183.065,14902.275,10.1842,102915.556,281484.444,96544.556
31020,-11131.017,-100341.773,14736.253,10.1859,100957.273,283442.727,94586.273
31080,-10040.065,-98500.596,14569.828,10.1877,99010.961,285389.039,92639.961
31140,-8983.920,-96660.297,14403.003,10.1894,97076.896,287323.104,90705.896
31200,-7962.395,-94821.635,14235.783,10.1913,95155.359,289244.641,88784.359
31260,-6975.284,-92985.368,14068.172,10.1931,93246.626,291153.374,86875.626
31320,-6022.368,-91152.246,13900.176,10.1951,91350.977,293049.023,84979.977
31380,-5103.409,-89323.018,13731.799,10.1970,89468.689,294931.311,83097.689
31440,-4218.157,-87498.425,13563.046,10.1990,87600.041,296799.959,81229.041
31500,-3366.345,-85679.206,13393.920,10.2011,85745.312,298654.688,79374.312
31560,-2547.690,-83866.092,13224.428,10.2032,83904.780,300495.220,77533.780
31620,-1761.894,-82059.811,13054.572,10.2053,82078.723,302321.277,75707.723
31680,-1008.644,-80261.082,12884.359,10.2075,80267.420,304132.580,73896.420
31740,-287.611,-78470.621,12713.793,10.2097,78471.148,305928.852,72100.148
31800,401.547,-76689.136,12542.878,10.2120,76690.187,307709.813,70319.187
31860,1059.189,-74917.328,12371.620,10.2143,74924.815,309475.185,68553.815
31920,1685.689,-73155.891,12200.022,10.2166,73175.309,311224.691,66804.309
31980,2281.434,-71405.512,12028.089,10.2190,71441.949,312958.051,65070.949
32040,2846.827,-69666.872,11855.827,10.2214,69725.013,314674.987,63354.013
32100,3382.285,-67940.641,11683.240,10.2239,68024.779,316375.221,61653.779
32160,3888.241,-66227.484,11510.333,10.2264,66341.526,318058.474,59970.526
32220,4365.139,-64528.055,11337.110,10.2289,64675.531,319724.469,58304.531
32280,4813.440,-62843.002,11163.576,10.2315,63027.074,321372.926,56656.074
32340,5233.618,-61172.961,10989.736,10.2341,61396.432,323003.568,55025.432
32400,5626.161,-59518.562,10815.595,10.2367,59783.885,324616.115,53412.885
32460,5991.570,-57880.423,10641.157,10.2394,58189.709,326210.291,51818.709
32520,6330.361,-56259.154,10466.428,10.2421,56614.185,327785.815,50243.185
32580,6643.063,-54655.355,10291.411,10.2449,55057.590,329342.410,48686.590
32640,6930.218,-53069.615,10116.113,10.2476,53520.202,330879.798,47149.202
32700,7192.380,-51502.513,9940.537,10.2504,52002.300,332397.700,45631.300
32760,7430.117,-49954.617,9764.689,10.2533,50504.162,333895.838,44133.162
32820,7644.012,-48426.483,9588.573,10.2562,49026.067,335373.933,42655.067
32880,7834.656,-46918.660,9412.194,10.2591,47568.292,336831.708,41197.292
32940,8002.655,-45431.680,9235.557,10.2620,46131.117,338268.883,39760.117
33000,8148.629,-43966.066,9058.667,10.2650,44714.820,339685.180,38343.820
33060,8273.206,-42522.331,8881.528,10.2680,43319.679,341080.321,36948.679
33120,8377.029,-41100.973,8704.146,10.2710,41945.972,342454.028,35574.972
33180,8460.752,-39702.478,8526.525,10.2741,40593.979,343806.021,34222.979
33240,8525.039,-38327.321,8348.671,10.2772,39263.976,345136.024,32892.976
33300,8570.568,-36975.962,8170.588,10.2803,37956.243,346443.757,31585.243
33360,8598.024,-35648.849,7992.280,10.2835,36671.058,347728.942,30300.058
33420,8608.108,-34346.418,7813.754,10.2866,35408.699,348991.301,29037.699
33480,8601.527,-33069.089,7635.013,10.2898,34169.444,350230.556,27798.444
33540,8579.001,-31817.271,7456.064,10.2930,32953.573,351446.427,26582.573
33600,8541.260,-30591.356,7276.909,10.2963,31761.363,352638.637,25390.363
33660,8489.043,-29391.725,7097.555,10.2996,30593.093,353806.907,24222.093
33720,8423.099,-28218.743,6918.007,10.3029,29449.041,354950.959,23078.041
33780,8344.188,-27072.760,6738.269,10.3062,28329.486,356070.514,21958.486
33840,8253.076,-25954.112,6558.346,10.3095,27234.706,357165.294,20863.706
33900,8150.542,-24863.120,6378.243,10.3129,26164.978,358235.022,19793.978
33960,8037.371,-23800.091,6197.966,10.3163,25120.583,359279.417,18749.583
34020,7914.358,-22765.315,6017.519,10.3197,24101.797,360298.203,17730.797
34080,7782.306,-21759.066,5836.906,10.3231,23108.900,361291.100,16737.900
34140,7642.024,-20781.605,5656.134,10.3266,22142.169,362257.831,15771.169
34200,7494.332,-19833.175,5475.206,10.3300,21201.884,363198.116,14830.884
34260,7340.057,-18914.004,5294.129,10.3335,20288.322,364111.678,13917.322
34320,7180.030,-18024.303,5112.906,10.3370,19401.761,364998.239,13030.761
34380,7015.094,-17164.267,4931.543,10.3406,18542.481,365857.519,12171.481
34440,6846.094,-16334.075,4750.045,10.3441,17710.760,366689.240,11339.760
34500,6673.885,-15533.889,4568.417,10.3476,16906.875,367493.125,10535.875
34560,6499.327,-14763.853,4386.663,10.3512,16131.106,368268.894,9760.106
34620,6323.284,-14024.095,4204.789,10.3548,15383.731,369016.269,9012.731
34680,6146.629,-13314.728,4022.800,10.3584,14665.027,369734.973,8294.027
34740,5970.238,-12635.844,3840.701,10.3620,13975.274,370424.726,7604.274
34800,5794.993,-11987.519,3658.496,10.3656,13314.750,371085.250,6943.750
34860,5621.781,-11369.814,3476.191,10.3693,12683.733,371716.267,6312.733
34920,5451.493,-10782.767,3293.791,10.3729,12082.501,372317.499,5711.501
34980,5285.023,-10226.404,3111.300,10.3766,11511.334,372888.666,5140.334
35040,5123.272,-9700.729,2928.725,10.3803,10970.508,373429.492,4599.508
35100,4967.142,-9205.729,2746.068,10.3840,10460.304,373939.696,4089.304
35160,4817.539,-8741.375,2563.337,10.3877,9980.998,374419.002,3609.998
35220,4675.372,-8307.617,2380.535,10.3914,9532.870,374867.130,3161.870
35280,4541.554,-7904.387,2197.668,10.3951,9116.197,375283.803,2745.197
35340,4416.997,-7531.601,2014.741,10.3988,8731.258,375668.742,2360.258
35400,4302.619,-7189.153,1831.758,10.4025,8378.332,376021.668,2007.332
35460,4199.338,-6876.921,1648.726,10.4062,8057.697,376342.303,1686.697
35520,4108.073,-6594.763,1465.648,10.4100,7769.631,376630.369,1398.631
35580,4029.745,-6342.520,1282.530,10.4137,7514.413,376885.587,1143.413
35640,3965.276,-6120.010,1099.377,10.4175,7292.321,377107.679,921.321
35700,3915.587,-5927.038,916.193,10.4212,7103.632,377296.368,732.632
35760,3881.600,-5763.384,732.985,10.4250,6948.627,377451.373,577.627
35820,3864.239,-5628.814,549.756,10.4287,6827.583,377572.417,456.583
35880,3864.424,-5523.071,366.512,10.4325,6740.778,377659.222,369.778
35940,3883.076,-5445.882,183.259,10.4362,6688.491,377711.509,317.491
36000,3921.115,-5396.952,0.000,10.4400,6671.000,377729.000,300.000
